ヒルビリー,1,サイレントヒル,ミッドウィッチ小学校,2021-08-23
シェイプ,3,レッド・フォレスト,ペイル・ローズ,2021-08-23
ゴーストフェイス,4,レッド・フォレスト,ペイル・ローズ,2021-08-01
ゴーストフェイス,1,レッド・フォレスト,ペイル・ローズ,2021-08-02
ゴーストフェイス,0,レッド・フォレスト,ペイル・ローズ,2021-08-03
ゴーストフェイス,3,レッド・フォレスト,ペイル・ローズ,2021-08-04
ゴーストフェイス,4,レッド・フォレスト,ペイル・ローズ,2021-08-05
ゴーストフェイス,2,レッド・フォレスト,ペイル・ローズ,2021-08-06
ゴーストフェイス,3,レッド・フォレスト,ペイル・ローズ,2021-08-07
ゴーストフェイス,1,レッド・フォレスト,ペイル・ローズ,2021-08-08
ゴーストフェイス,4,レッド・フォレスト,ペイル・ローズ,2021-08-09
ゴーストフェイス,0,レッド・フォレスト,ペイル・ローズ,2021-08-10
ゴーストフェイス,2,レッド・フォレスト,ペイル・ローズ,2021-08-11
ゴーストフェイス,3,レッド・フォレスト,ペイル・ローズ,2021-08-12
ゴーストフェイス,1,レッド・フォレスト,ペイル・ローズ,2021-08-13
ゴーストフェイス,2,レッド・フォレスト,ペイル・ローズ,2021-08-14
ゴーストフェイス,3,レッド・フォレスト,ペイル・ローズ,2021-08-15
ゴーストフェイス,4,レッド・フォレスト,ペイル・ローズ,2021-08-16
